group_name,weighted
Bronx,0.0463926118015564
Brooklyn,0.0447919246176774
Manhattan,0.0446127098917998
Queens,0.0484199559569425
Staten Island,0.0584236025734739
